"0","i=1"
"0","for(i in c(1:length(filename))) {"
"0","  process_md(md_path=filename[i],site_path=blog_path)"
"0","  print(i)"
"0","  }"
"1","[1]"
"1"," 1"
"1","
"
"1","[1]"
"1"," 2"
"1","
"
"1","[1]"
"1"," 3"
"1","
"
"1","[1]"
"1"," 4"
"1","
"
"1","[1]"
"1"," 5"
"1","
"
"1","[1]"
"1"," 6"
"1","
"
"1","[1]"
"1"," 7"
"1","
"
"1","[1]"
"1"," 8"
"1","
"
"1","[1]"
"1"," 9"
"1","
"
"1","[1]"
"1"," 10"
"1","
"
"1","[1]"
"1"," 11"
"1","
"
"1","[1]"
"1"," 12"
"1","
"
"1","[1]"
"1"," 13"
"1","
"
"1","[1]"
"1"," 14"
"1","
"
"1","[1]"
"1"," 15"
"1","
"
"1","[1]"
"1"," 16"
"1","
"
"1","[1]"
"1"," 17"
"1","
"
"1","[1]"
"1"," 18"
"1","
"
"1","[1]"
"1"," 19"
"1","
"
"1","[1]"
"1"," 20"
"1","
"
"2","incomplete final line found on '/home/danny/OneDrive/DataScience/41_DannyJRa.github.io/77_Docker/Portainer_BLOG.md'"
"1","[1]"
"1"," 21"
"1","
"
"1","[1]"
"1"," 22"
"1","
"
"2","incomplete final line found on '/home/danny/OneDrive/DataScience/41_DannyJRa.github.io/78_Docker-Hub/Portainer_BLOG.md'"
"1","[1]"
"1"," 23"
"1","
"
"1","[1]"
"1"," 24"
"1","
"
"1","[1]"
"1"," 25"
"1","
"
"1","[1]"
"1"," 26"
"1","
"
"1","[1]"
"1"," 27"
"1","
"
